heading,bias_true,bias_pred
Chicago Gun Violence Spikes and Increasingly Finds the Youngest Victims,Left,Center
"‘Bullets just came from nowhere’: Fourth of July weekend gun violence kills at least 17, including 7-year-old-girl",Center,Center
Dozens of shootings across US mark bloody July 4th weekend,Right,Center
Federal Government Will Run Out of Cash on Oct. 18 If Debt Ceiling Isn’t Raised: Treasury Secretary,Right,Neutral
Yellen tells Congress that U.S. will run out of debt ceiling flexibility on Oct. 18,Left,Center
Yellen warns lawmakers U.S. Treasury to hit debt limit Oct. 18,Center,Center
Washed-Up Chris Christie Rips Into Hillary Clinton,Left,Right
"Christie convicts Clinton, but was he 'guilty' of going too far?",Right,Center
Anti-Clinton Republican National Convention Crowd Chants ‘Lock Her Up’,Left,Right
Biden admin to pharmacies: Refusing to fill contraception and abortion pill prescriptions could break federal law,Left,Center
"Pharmacies risk violating civil rights laws if they deny access to drugs that can be used for abortion, HHS says",Center,Center
HHS warns pharmacies denying abortion pills violates anti-discrimination law,Right,Left
'One American flag flies': Pence defends barring pride flags on U.S. embassy flagpoles,Left,Right
Mike Pence says banning pride flags at US embassies is 'the right decision',Left,Right
Pence confirms Trump administration denied US embassy requests to fly Pride flag,Right,Center
"Trump tweets mock video of himself tackling, punching CNN logo",Center,Right
"Trump Body Slams ""#FraudNewsCNN"" in His Latest Assault Tweet",Right,Right
Trump Marks Independence Day Weekend With Fantasy About Beating Up Journalists,Left,Left
President Obama to vow: No nuclear Iran,Left,Center
Obama urges UN to reject 'violence and intolerance' amid Mideast unrest,Right,Center
"'Time is not unlimited' on Iran, Obama to tell U.N.",Left,Neutral
"Biden says federal workers must be vaccinated or undergo regular testing, masks and social distancing",Right,Center
"Biden announces measures to incentivize Covid-19 vaccinations, including a requirement for federal employees",Left,Neutral
"Biden sets broad new vaccine, mask guidelines for millions of federal workers",Center,Center
Incoming Palestinian Harvard freshman has his visa REVOKED at Boston airport after he was 'questioned for five hours and officials found anti-US political social media posts by his friends',Right,Left
A Palestinian Freshman Arrived in the U.S. to Study at Harvard. Immigration Officials Revoked His Visa and Deported Him.,Left,Left
Harvard freshman deported after officials review friends' social media posts: report,Center,Neutral
Violence Escalates As Protests Over George Floyd Death Continue,Left,Center
Another night of fire and fury as protests rage across America,Left,Center
"Rioting, looting linked to George Floyd protests leaves trail of destruction across American cities",Right,Center
"Trump, campaign aides sent email accessing WikiLeaks documents: Report",Right,Center
Email shows effort to give Trump campaign WikiLeaks documents,Left,Center
Wikileaks sent Trump private access and a decryption key to emails weeks before they were released,Left,Left
‘Follow the money’: MSNBC contributor blows the lid off Trump’s personal stake in drug he’s pushing as COVID-19 cure,Left,Left
"Trump Has ‘Small,’ ‘Distant Link’ To Sanofi, French Drugmaker Of Hydroxychloroquine",Center,Center
Trump’s personal stake in the malaria-drug maker Sanofi could be as small as $99,Center,Neutral
"North Korea Denies Hack Involvement, Demands Probe",Right,Center
North Korea orders joint probe into Sony hacking,Left,Center
Obama Vows a Response to Cyberattack on Sony,Left,Neutral
Obama tells Ohioans he champions the middle,Right,Center
"Obama, Romney Duel On Economy In Ohio Where It Could All Be Decided Categories",Left,Neutral
"Dueling speeches: Obama, Romney target Ohio",Right,Center
"National Guard troops kicked out of Senate are back in Capitol following outrage from lawmakers, public",Center,Center
National Guard break time in Capitol-area parking garage gets lawmakers fuming,Right,Center
National Guard allowed back into Capitol complex after lawmakers erupt at banishment to parking garage,Left,Center
"After Pledging to Decriminalize Illegal Border Crossings, Harris Will Lead Border Crisis Response",Right,Center
Vice President Harris will oversee effort to resolve problems at U.S.-Mexico border,Center,Neutral
Biden assigning Harris to lead diplomatic efforts in Central America to address immigration,Left,Neutral
U.S. Inflation Hits New Four-Decade High of 9.1%,Center,Neutral
"US Inflation Quickens to 9.1%, Amping Up Fed Pressure to Go Big",Left,Center
"Inflation jumps to 9.1%, highest in four decades",Right,Neutral
"Rising Pace of Hiring Adds to Optimism, but Wages Lag",Left,Center
"US added 295,000 jobs in February as unemployment rate dips to 5.5 percent",Right,Center
"U.S. Adds Jobs at Steady Clip, but Wage Growth Remains Soft",Center,Center
China expands its amphibious forces in challenge to U.S. supremacy beyond Asia,Center,Center
"US Closes China's Houston Consulate, China Considers Wuhan Retaliation",Right,Center
US defense chief pushes allied effort to challenge China,Left,Center
Europe’s heatwave moves north as UK braces for hottest day on record,Left,Center
UK heatwave sees highest-ever temperatures recorded,Center,Center
UK braces for record-breaking temperatures as heatwave plunges Brits into chaos,Right,Neutral
Fact-checking President Trump’s news conference,Left,Center
Trump's marathon media-bashing presser: Did he go too far?,Right,Center
Trump -- under fire -- returns to the campaign,Left,Center
Barr Blasts His Own Prosecutors: 'All Power Is Vested In The Attorney General',Left,Right
Barr says calls for coronavirus lockdown are the 'greatest intrusion on civil liberties' other than slavery in US history,Left,Right
Barr says rumors Trump would refuse to leave office if he loses election are 'crap',Right,Center
Ukraine Refuses Russia’s Request to ‘Lay Down Arms’ and Surrender Mariupol by Monday Deadline,Right,Center
Ukraine rejects Russian demand for surrender in Mariupol,Left,Center
Ukraine rejects Kremlin’s call to surrender Mariupol amid intense street fighting,Left,Center
"As House GOP faces decision on its future, McConnell defends Cheney, rebukes Greene in rare set of statements",Left,Center
"McConnell takes sides: Marjorie Taylor Greene theories a 'cancer' for GOP, while Cheney has 'courage'",Right,Center
"Mitch McConnell condemns Marjorie Taylor Greene's 'loony lies,' defends Liz Cheney",Left,Center
Canadian parliament condemns Trump attacks on Trudeau,Center,Left
Trudeau’s Challenge: Managing Trump and Domestic Politics,Left,Center
Trump's attacks against Trudeau unanimously condemned by Canadian lawmakers,Right,Center
5 Takeaways From Obama's Susan Rice Appointment,Left,Neutral
The real reason Obama tapped Susan Rice for national security adviser,Right,Neutral
National security team shuffle may signal more activist stance at White House,Left,Center
"DHS memo warning of Russian efforts to denigrate Trump's, Biden's health dismissed as poor quality, officials say",Right,Center
DHS withheld July intelligence bulletin calling out Russian attack on Biden’s mental health,Left,Left
DHS withheld note warning of Russian attacks on Biden's mental health,Center,Left
Jan. 6 Committee Probes Trump Phone-Logs Gap,Center,Center
Jan. 6 committee probing 7.5 hour gap in White House phone logs,Right,Center
White House records turned over to House show 7-hour gap in Trump phone log on Jan. 6,Left,Center
Fact check: The ninth Republican debate,Left,Center
"Fireworks erupt between Trump and Bush, Rubio and Cruz at GOP debate",Right,Center
3 winners and 2 losers from Saturday night's Republican debate,Left,Center
Top US lawmakers strike deal to fast-track trade deals,Right,Center
Senators Introduce ‘Fast Track’ Trade Bill,Center,Neutral
Deal Reached on Fast-Track Authority for Obama on Trade Pact,Left,Neutral
"Kentucky flooding death toll reaches 15 and may double, governor says",Right,Center
Appalachian floods kill at least 15 as rescue teams deploy,Left,Center
"At least 15 people are dead after Kentucky's catastrophic flooding, and the death toll is expected to rise",Left,Neutral
Heavily Redacted Democratic Memo Counters GOP Account of Russia Probe,Left,Left
Democrats' new Russia memo is an anti-Trump political attack,Right,Right
Trump Claims Democrats’ Memo ‘Really Verifies’ GOP Memo,Left,Center
"As Trump Arrives in Israel, His Deal-Making Skills Face a Test",Left,Center
Trump lands in Israel: What to watch,Left,Center
Trump tells Israelis: Arab neighbors in ‘common cause with you’ against Iran,Right,Center
FDA Approves Remdesivir for Hospitalized COVID-19 Patients After Drug Was Used to Treat Trump,Center,Center
FDA approves antiviral drug remdesivir as coronavirus treatment,Right,Center
FDA approves remdesivir as treatment for COVID-19 patients in hospital,Left,Center
Obama feels ‘small’ compared with members of the U.S. Marines,Right,Neutral
Obama to service members: We never take you for granted,Left,Center
President Obama Honors Military Families In Christmas Address,Left,Center
Michigan Orders Faith-Based Adoption Agencies to Violate Their Religious Beliefs,Right,Left
Michigan deal bars LGBTQ discrimination in state adoptions,Left,Center
Michigan will no longer fund adoption agencies that refuse gay parents,Center,Left
Officer charged with murder after shooting man in back: What we know,Left,Center
White SC officer charged with murder in shooting death of black man,Right,Center
Video Shows Officer Michael Slager Shooting Unarmed Black Man In The Back In South Carolina,Left,Left
Time magazine names Pope Francis its 'Person of the Year',Left,Neutral
"Pope Francis Is Person Of The Year, 'Time' Says",Left,Neutral
"Pope Francis' common touch, uncommon influence",Right,Center
Supreme Court won't hear Trump bid to end DACA program,Left,Center
"In major win for immigrant youth, SCOTUS denies Trump request to take up DACA case By Gabe Ortiz Monday Feb 26, 2018 · 10:07",Left,Left
Supreme Court rejects administration appeal over DACA,Right,Center
Biden’s ‘Armageddon’ talk edges beyond bounds of US intel,Left,Center
Pompeo rips Biden's 'reckless' Armageddon remark: 'One of the greatest foreign policy failures',Right,Right
Kirby: Biden ‘Armageddon’ remark reflects ‘the very high stakes that are in play’,Center,Center
"Trump’s “election integrity” commission wants every voter’s name, party ID, and address",Left,Left
More than half the states refusing to provide voter data to Trump election panel,Center,Center
Liberal States Get Jittery as Trump Looks to Clamp Down on Voter Fraud,Right,Left
Madeleine Westerhout: White House aide fired after leaks on Trump family,Center,Neutral
Trump's 'gatekeeper' resigns abruptly,Right,Neutral
Trump's personal assistant abruptly exits White House after sharing details about President's family,Left,Neutral
Florida GOP Wants to Ban Making White People Feel ‘Discomfort’ About Racism,Left,Right
Florida could shield whites from ‘discomfort’ of racist past,Left,Right
What the Florida CRT Bill Actually Says,Right,Center
"White House says Biden will increase refugee cap this year, after Dem fury over original target",Right,Center
"After criticism, Biden says he will raise U.S. cap on refugee admissions",Center,Neutral
"After outcry, Biden plans to lift refugee cap in May",Left,Center
Hirono: Anti-Asian hate bill chance for Senate to 'take a stand',Left,Center
Senate moves toward bipartisan endgame on AAPI hate crimes legislation,Center,Center
Senate advances measure to curb anti-Asian American hate crimes,Right,Center
Iran nuclear deal: Trump pulls US out in break with Europe allies,Center,Center
"Trump withdraws from Iran nuclear deal, isolating him further from world",Left,Center
The Day The Iran Deal Died,Right,Center
Trump's base-focused midterm approach tested in Ohio and Kansas races Tuesday,Left,Center
Trump faces political test in Ohio as five states cast votes,Center,Center
"Tuesday's primaries a test of Trump's influence, hold potential for upsets: A look at the races to watch",Right,Center
"Istanbul airport reopens after terror attack leaves 41 dead, 239 injured",Right,Center
"Istanbul airport resumes flights amid blood, shattered glass",Left,Center
Istanbul Airport Attack Leaves at Least 41 Dead,Left,Center
Bernie Sanders secures five minutes with Pope Francis,Left,Neutral
"Sanders’ Visit With Pope Francis Confirmed, Implications of Vatican Trip Could Win Him New York",Right,Neutral
Bernie Sanders says private Meeting with Pope Francis is not an endorsement,Left,Neutral
OPINION: Iowa: Revenge of the outsiders,Center,Center
OPINION: Marco Rubio and Bernie Sanders were the real winners in Iowa,Left,Center
OPINION: Trump fever has broken. Cruz out-organized him. Here's what's next,Right,Center
America's economic recovery hits a major roadblock,Left,Center
"Delta variant, shortages severely restrict U.S. economic growth in third quarter",Center,Neutral
Economic Growth Slows to 2 Percent on Slowdown in Consumer Spending and COVID-19 Impacts,Right,Center
"10 Senate Republicans Outline $600B Counteroffer, Will Meet With Biden Monday",Left,Neutral
"Biden, GOP senators to discuss slimmed-down Covid relief bill pitch",Left,Neutral
GOP senators to meet Biden Monday on coronavirus relief as Dems ready to pass bill without Republican support,Right,Left
Federal agency recommends Kellyanne Conway be fired from White House,Left,Left
Government watchdog: Trump aide Conway should be fired for political comments,Center,Center|Left
Office of Special Counsel Formally Requests Kellyanne Be Relieved of Her Duties,Right,Center
"Trump warns post-hurricane Puerto Rico, says FEMA won’t stay 'forever'",Right,Neutral
Trump loses patience with Puerto Rico,Center,Neutral
Trump threatens to abandon Puerto Rico recovery effort,Left,Center
"If the media speaks with one voice, Trump will have to listen",Left,Center
Commentary: Newspapers don't help themselves by coordinating against Trump,Right,Center
US newspapers to Trump: We’re not enemies of the people,Left,Center
Miami building collapse: Remaining section of Surfside tower is demolished with explosives,Left,Neutral
Search back on after rest of South Florida condo demolished,Left,Center
Search crews return after Surfside condo building's standing portion brought down with explosives,Right,Center
Pelosi stumbles on alleged harassment in her own ranks,Left,Center
John Conyers Steps Down From Judiciary Committee Role Amid Sexual Misconduct Claims,Left,Neutral
Pelosi faces backlash for questioning Conyers accusers,Right,Center
Dems Unveil 2021 Agenda to Tackle Climate Change as Wildfires Rage on West Coast,Right,Left
"Wild weather this year shows growing impact of climate change, scientists say",Center,Center
Corporate broadcast TV news fails to make crucial connection between record-breaking California wildfires and climate crisis,Left,Left
What Does Steve Bannon Want?,Left,Right
Where did Steve Bannon get his worldview? From my book.,Left,Center
Steve Bannon outlines his plan to 'deconstruct' Washington,Left,Right
White House officials eyeing payroll tax cut in effort to reverse weakening economy,Left,Center
White House denies exploring payroll tax cut to offset worsening economy,Center,Center
Team Trump eyes payroll tax cut to spur economy: report,Right,Center
Trump threatens to fire Fauci in rift with disease expert,Left,Center
Trump Hints at Firing Fauci After Election,Right,Right
Trump hints that he’ll fire Fauci after Election Day,Left,Right
"Clinton Leads Nationally, But Struggles In Some Battleground States",Left,Center
Trump and Clinton Tied in Latest Poll,Left,Center
"Trump surges in battleground, national polls",Right,Center
Obama cancels Putin meeting over Snowden asylum,Right,Center
Obama Cancels One-On-One Meeting With Putin,Left,Neutral
Obama Cancels Meeting With Putin Over Snowden,Left,Center
"George Will: Ã¢â‚¬ËœQuite Literally, The Opposition to Gay Marriage Is DyingÃ¢â‚¬â„¢",Left,Right
Same-sex couples in Washington start taking wedding vows,Right,Center
Same-Sex Issue Pushes Justices Into Overdrive,Left,Neutral
Judge orders New York Times to get rid of Project Veritas memos,Center,Center
Project Veritas Scores ANOTHER victory with Judge’s order in defamation lawsuit against New York Times,Right,Right
A Dangerous Court Order Against The New York Times,Left,Center
US to Send Ukraine Advanced Rockets; Kyiv Promises Not to Fire Into Russia,Center,Neutral
Biden approves sending advanced rockets to Ukraine,Right,Neutral
Biden admin will provide Ukraine with longer-range rocket systems,Left,Neutral
"Portland mayor tear-gassed by federal agents, riot declared",Right,Center
Portland mayor tear gassed after speaking with protesters on presence of federal agents,Left,Center
Portland mayor tear gassed alongside protesters,Center,Center
U.S. FDA to bring outside experts to review COVID-19 vaccines,Center,Center
"Large study shows COVID-19 antibodies last 4 months, bolstering vaccine hopes",Right,Center
Fauci predicts 'safe and effective' coronavirus vaccine by end of year,Left,Center
Kremlin: Report of Putin meddling in U.S. election is 'nonsense',Left,Center
"Putin Personally Managed Hacks, Had ‘Vendetta’ Against Hillary",Right,Left
U.S. Officials: Putin Personally Involved in U.S. Election Hack,Left,Left
Hillary's Numbers Plunge in Wake of ‘Clinton Cash Revelations,Right,Right
Poll: New speed bumps for Clinton,Left,Neutral
"Frontrunner angst: Bush lead evaporates, Clinton favorability hits 7-year low",Left,Center
At Least 150 Killed in Shootings Across the U.S. During July 4th Weekend,Left,Neutral
Bloody July Fourth weekend leaves 150 fatally shot in more than 400 shootings nationwide,Right,Center
4th Of July Shootings Across The Country Kill More Than 180 This Year,Left,Center
Democrats: Amy Coney Barrett Will Strip Millions of Health Insurance,Left,Left
"Amy Coney Barrett nominated by Trump for Supreme Court, setting up contentious battle weeks before election",Right,Center
"Trump taps Amy Coney Barrett for Supreme Court, setting up confirmation sprint",Center,Center
First federal execution in 17 years carried out in Indiana after Supreme Court cleared way,Left,Center
US carries out first federal execution in 17 years,Right,Neutral
First federal prisoner in 17 years executed hours after Supreme Court decision,Center,Neutral
"At Bipartisan Budget Meeting, Familiar Hurdles but a New Attitude",Left,Center
Pressure intensifies for GOP to raise taxes on rich,Right,Left
Obama Asks for Prayer on Budget Deal,Left,Center
Donald Trump: Democrats 'Medicare for All' plan will demolish promises to seniors,Right,Right
Trump rips Dems’ embrace of Medicare for all: ‘The centrist Democratic Party is dead’,Center,Right
Trump files op-ed bashing Democrats on Medicare for all,Left,Right
U.S. judge refuses to toss suit against Trump on foreign payments,Center,Center
Judge allows emoluments lawsuit against Trump to go forward,Right,Center
Judge rules Trump can be sued for profits at Trump International Hotel in D.C.,Left,Center
"Trump impeachment backfires on Democrats, and Nancy Pelosi has a meltdown",Right,Right
Why Mitt Romney's courageous vote to convict Trump matters,Center,Left
Acquittal is not exoneration,Left,Center
Armed Extremists Just Escalated Oregon’s Fight Over Climate Legislation,Left,Left
Runaway Oregon Republicans ready to dodge state troopers until legislative clock runs out,Right,Left
Oregon GOP lawmakers who fled capitol to avoid climate bill vote face $500 daily fines,Center,Left
Obama Convention Bounce Confirmed In Latest Tracking Polls,Left,Center
"Confirmed: Despite Recycled DNC Speech, Obama Gets Poll Bounce",Right,Center
"Obama Got The Convention Bounce, As Well As Bad Economic Numbers",Left,Center
"CDC ‘Revises’ Mask Guidance: Some Vaccinated Individuals Should Return To Masking Indoors, Everyone Should Mask In K-12 Schools",Right,Center
CDC: Vaccinated people should now wear masks in high transmission areas,Center,Center
"CDC updates guidance, recommends vaccinated people wear masks indoors in certain areas",Left,Center
"Republicans sharpen 'fraud' claims, Democrats compare Scott to a 'dictator' as Florida recount ramps up",Left,Center
Florida Recounts Begin as Both Sides Dig In for Fight,Center,Center
Rick Scott challenges ballots counted after deadline as Florida recount drama begins,Right,Center
The Pull and Push Of The Unemployment Debate,Left,Center
Divided Senate To Vote On Extending Unemployment Benefits,Left,Center
Showdown set on unemployment bill in Senate,Right,Center
Obama: Congress endangers national security with Lynch delay,Right,Center
Eric Holder: Attorney General for life?,Left,Neutral
Obama On Loretta Lynch: 'You Don't Hold Attorney General Nominees Hostage',Left,Neutral
Ind. to ‘clarify’ new law decried as anti-gay,Left,Center
"Pence vows to 'fix' religious freedom law, ensure 'no license to discriminate'",Right,Left
OPINION: The insane national freak-out over Indiana's religious freedom law,Left,Left
Fact checking the 2015 State of the Union address,Left,Center
Fact-checking Obama's 'State of the Union' address (+video),Center,Center
Obama’s State of the Union Speech Gets Fact-Checked,Right,Center
Ted Cruz Wins Wyoming Presidential Nominating Contest,Left,Neutral
"Fresh Off Wyoming Sweep, Cruz Targets More Trump Supporters",Right,Center
Trump massacred in delegate fights once more,Left,Left
Stephen Miller Is an Immigration Hypocrite. I Know Because I’m His Uncle.,Left,Left
"Stephen Miller’s uncle calls Miller an ‘immigration hypocrite,’ compares Trump to Nazis",Center,Left
Immigration and the ‘Hypocrisy’ Charge,Right,Center
Justice Department appeals latest travel ban setback to Supreme Court,Left,Center
Trump administration appeals Hawaii court ruling on travel ban,Right,Neutral
Trump administration says it will go to Supreme Court after Hawaii judge expands travel ban exemptions,Left,Center
Trump pulls security clearance of ex-CIA Director John Brennan,Left,Right
OPINION: Trump is wrong to suspend John Brennan's clearance,Right,Left
Trump ties revoking Brennan clearance to Russia probe,Center,Center
Presidential Election: Trump Goes on the Attack as Early Voting Shapes Campaign’s Final Weekend,Left,Center
Florida Early Voting Nears 5.3 Million,Right,Neutral
Early Voting Data Shows Who’s Turning Out,Center,Center
Stormy Daniels: Trump discloses payment to reimburse lawyer,Center,Neutral
Trump Finally Fesses Up to Reimbursing Michael Cohen,Left,Center
Trump met federal disclosure requirement by reimbursing Cohen for Stormy Daniels payment: Government,Right,Center
Evasive COVID-19 subvariants that you don’t know about are spreading fast,Center,Center
What the White House sees coming for COVID this winter,Left,Center
What to know about new COVID variants BQ.1 and BQ1.1,Right,Center
"Obama: Russia Doesn't Share US Values, Putin 'Protecting' Assad",Right,Left
Sen. John McCain: Russia not serious on Syria,Left,Center
"Obama: 'Trust, but verify' on Putin's Syria plan",Left,Center
"Trump to CPAC: ‘Now you finally have a president, finally’",Left,Right
Trump At CPAC: 'The Era Of Empty Talk Is Over',Left,Center
"Trump hails conservative support at CPAC, slams ‘fake’ media",Right,Right
Hot November inflation report was probably the best the White House could have hoped for at this point,Center,Center
The Inflation Suspense Goes On,Left,Center
Inflation — from WIN to DIN,Right,Neutral
House Republicans Unveil Tax-Cut Bill Ahead of Election Push,Left,Center
House Republicans move to lock in cuts with Tax Reform 2.0,Right,Center
House Republicans seek permanent tax cuts as elections loom,Left,Center
"U.S. job market stumbles in May, adding just 138,000 jobs",Left,Neutral
"May Jobs Report: 138,000 More On Payrolls; Unemployment Dips Slightly",Left,Center
Unemployment at 16-Year Low in May Jobs Report,Right,Center
Defiant Trump refuses to apologize to McCain,Left,Right
"Donald Trump Says John McCain Is No War Hero, Setting Off Another Storm",Left,Neutral
"Donald Trump says he doesn’t owe an apology to Sen. John McCain, who ‘let us down’",Right,Right
Germanwings Co-Pilot Practiced Crash Hours Before It Happened,Right,Neutral
"Germanwings Co-Pilot Appears to Have Tried to Rehearse Fatal Dive, Report Says",Left,Center
Investigators: Germanwings crash co-pilot tried a dry run,Left,Center
Russia moves troops and U.S. sends weapons as fear of war mounts in Ukraine,Left,Center
"Russia announces military exercises amid standoff with US, NATO over Ukraine",Center,Neutral
NATO chief announces alliance will not deploy combat troops to Ukraine,Right,Neutral
Multiple foreign nationals charged in alleged schemes to send military technology to Russia,Left,Center
Moscow says U.S. sanctions charges against 5 Russians are 'cynical' bid to intimidate,Center,Center
Russians Charged With Smuggling Millions Of Barrels Of Venezuelan Oil To China,Right,Center
Florida’s governor celebrated his anti-mandate Covid laws. Now Omicron is here,Left,Center
Does Florida Now Have Lowest Daily U.S. COVID Cases Per Capita?,Center,Center
"DeSantis Hails Major Florida Hospital System’s Decision To End Vaccine Mandate For 83,000 Employees",Right,Right
Jobless Claims Fall to 3.84 Million,Right,Neutral
30 million Americans have lost their jobs in 6 weeks,Left,Neutral
Over 3.8 Million Americans Filed for Jobless Benefits Last Week as States Struggle With Coronavirus Claims Surge,Center,Center
House approves bills tightening background checks on guns,Center,Center
House approves gun control bills expanding background checks,Left,Left
Schumer pledges Senate vote on gun bill passed by House: 'No more ... thoughts and prayers',Right,Left
Bipartisan U.S. lawmaker group to unveil $1.5 trillion COVID-19 aid bill,Center,Center
Rank-and-file House members achieve rare bipartisan consensus in bid to press Hill leaders to cut stimulus deal,Left,Center
Bipartisan lawmakers offer coronavirus relief solution in effort to break logjam,Right,Center
"Chris Cuomo mum on big brother’s scandal, observers say CNN botched chance to showcase journalism standards",Right,Center
The Cuomo brothers: Report places a new spotlight on a unique relationship,Left,Center
"Remember, the National Media Deliberately Chose to Celebrate Andrew Cuomo",Right,Center
"Trump Announces National Emergency, Expanded Testing, More Money and Flexibility on Virus Response",Right,Center
Trump declares national emergency to bolster funding for fighting virus outbreak,Left,Neutral
Here's what Trump's coronavirus emergency declaration does,Left,Center
"Trump may have been unclear, but Sweden experiencing a migrant crime wave",Right,Center
Amusement and bemusement over Trump's remarks about 'last night in Sweden',Center,Center
White House says Trump's Sweden comment referred to 'rising crime',Left,Neutral
Parler CEO: Tech Companies Coordinated Plan to Close Us Down,Right,Right
Amazon Is Booting Parler Off Of Its Web Hosting Service,Left,Neutral
"Amazon to drop Parler from its web hosting service, citing violent posts",Center,Center
"Postal Service future in question after first-ever default, lawmakers stuck on a deal",Right,Center
Postal service can't pay its bills,Left,Center
Pelosi to introduce resolution condemning Trump's 'go-home' comments,Right,Left
"As Trump doubles down on racist comments, House to vote on condemning them",Left,Center
Pelosi announces House resolution to condemn Trump's 'xenophobic tweets',Center,Left
"Support wanes for repeal of Obamacare, surveys suggest",Center,Center
Getting Repeal Right,Right,Center
"Unskew this! Desperate GOP Obamacare ploy fails, again",Left,Left
Saudi Arabia sentences five to death in killing of Jamal Khashoggi,Right,Center
"Saudi sentences five to death, three to jail over Khashoggi murder",Center,Center
Saudi Arabia sentences five to death for Khashoggi murder but clears three top officials,Left,Center
Trump campaign denies showing massacre in 'Church of Fake News' parody video at Doral,Right,Center
Macabre Video of Fake Trump Shooting Media and Critics Is Shown at His Resort,Left,Center
Fake video of Trump shooting media and political opponents shown at conference: New York Times,Left,Center
Roy Moore to Run Again for Alabama Senate Seat Despite Sexual-Misconduct Allegations,Right,Center
‘This place has enough creepy old men’: GOP vows to crush Roy Moore,Left,Left
How Roy Moore Could Actually Win Alabama’s Republican Senate Primary,Center,Center
Pence might share a ticket with Trump but not a worldview,Left,Center
CNN: Trump Considered Dumping Pence Late Last Night,Right,Left
Top GOP Operative: Mike Pence Once Thought Trump Was ‘Unacceptable.’ Now He’s The VP Pick.,Left,Left
"Unemployment rate drops to 13.3% in May, signaling return of US jobs",Right,Center
Dow rallies more than 700 points after shocking record surge in U.S. jobs,Center,Neutral
"May jobs report: US economy unexpectedly adds 2.5 million payrolls, unemployment rate falls to 13.3%",Left,Neutral
"America, Meet Your New Republican Bosses",Left,Left
"Obama, Congress prepare for new reality after GOP sweep",Left,Center
"Republicans take control of Congress: Can Obama, GOP end ‘perpetual conflict’?",Right,Center
Behind Mark Sanford's turnaround,Left,Center
5 things we learned from Sanford's win,Left,Center
Former S.C. Gov. Sanford headed back to Congress after defeating Colbert Busch,Right,Center
World remembers Holocaust as antisemitism rises in pandemic,Left,Center
Politicizing the Holocaust dehumanizes us all,Left,Center
Holocaust Remembrance Day – why we must never forget,Right,Center
Hong Kong protesters storm government building over China extradition bill,Left,Center
Hong Kong demonstrators storm government building amid protests on anniversary of return of Chinese rule,Right,Center
Hong Kong protesters smash up legislature in direct challenge to China,Center,Center
The Jones Act Waiver For Puerto Rico Just Expired And Won’t Be Renewed,Left,Neutral
White House lets Jones Act waiver expire for Puerto Rico,Center,Center
DHS won't extend Jones Act waiver for Puerto Rico,Right,Neutral
CDC urges kids ages 16-17 to get newly cleared boosters; your 3rd shot unlikely to be your last,Left,Center
"US expands Pfizer COVID boosters, opens extra dose to age 16",Left,Center
CDC Recommends All 16- and 17-year-olds Get COVID-19 Booster Shots,Right,Center
"Obama, Romney to break from trail ahead of debate",Left,Center
Presidential Debates: The One Area Where Campaigns Pitch Their Weakness,Left,Center
Campaigns launch into expectations game ahead of vital presidential debate,Right,Center
Video potential worry for Obama campaign,Left,Center
Conservative media coordinates on release of old Obama video,Left,Right
Video surfaces of Obama in 2007 suggesting racism slowed aid to post-Katrina New Orleans,Right,Left
ABC says interview with Epstein accuser wasn’t ready to air,Left,Neutral
ABC News’ Amy Robach claims network ‘quashed’ Jeffrey Epstein coverage on hot mic,Right,Left
ABC News Anchor Caught on Mic Saying Network Quashed Jeffrey Epstein Story,Left,Center
Trump delivers another blow to Fox News: 'Fox isn’t working for us anymore!',Left,Left
'Fox isn’t working for us anymore!': Trump slams Fox News for 2020 coverage,Left,Right
Warning signs for Trump as poll shows more think economy is getting worse,Right,Left
Pelosi says House to vote on resolution to limit Trump's military actions on Iran,Center,Center
Pelosi says House will introduce 'War Power Resolution' aimed to limit Trump's Iran military action,Left,Left
Pelosi moves to limit Trump’s actions in Iran with War Powers Resolution vote,Right,Center
Is Trump the Reason the Fed Is Cutting Rates?,Right,Center
Fed Looks Locked In for Quarter-Point Cut: Decision Day Guide,Left,Center
Fed expected to cut interest rates: What does it mean for you?,Left,Center
President ObamaÃ¢â‚¬â„¢s State of the Union: Aggressive,Left,Neutral
ObamaÃ¢â‚¬â„¢s State of the Union to highlight the plusses of progressive policy,Right,Left
Obama's second act: Why State of Union speech may do little to fix Washington,Left,Center
Carly Fiorina Opposes A Paid Maternity Leave Requirement,Left,Center
‘Shocker’ New Poll Says Trump Lost GOP Debate to Someone Who Wasn’t Even On Stage With Him,Right,Right
Carly Fiorina opposes paid maternity leave mandate,Left,Center
"Obama: ""He Did in 46 Years What Most of Us Couldn’t Do in 146""",Right,Neutral
'A man of character': Obama delivers emotional eulogy for Beau Biden,Left,Neutral
Obama Delivers Emotional Eulogy For Beau Biden,Left,Neutral
"Census Bureau announces 331 million people in US, Texas will add two congressional seats",Left,Center
Census Shows South and Mountain West Gain Political Power From Population Growth,Center,Center
Census data reveals population growth at slowest pace in decades,Right,Center
"FAIL: USA Today Fact Check Claims Trump Campaign Using ‘Nazi’ Symbolism, Faceplants Spectacularly",Right,Center
USA Today dragged for 'fact check' claiming Trump campaign sold shirts with Nazi symbol: 'This is moronic',Right,Right
Trump campaign accused of T-shirt design with similarity to Nazi eagle,Left,Center
"OPINION: Landrieu throws Hail Mary, GOP may score",Left,Center
"Congress Will Vote On Keystone XL Pipeline, With An Eye On Louisiana",Left,Center
"Keystone pipeline re-emerges as political football as Landrieu, GOP rival call for vote",Right,Center
"James Mattis quitting as defense secretary, cites differences with Trump",Right,Center
"James Mattis to Depart as Defense Chief Over Troop Withdrawals from Syria, Afghanistan",Center,Neutral
Mattis resigns after clash with Trump over troop withdrawal from Syria and Afghanistan,Left,Center
ISIS claim responsibility for shooting at Texas Muhammad cartoon contest,Right,Neutral
"ISIS Claims Credit For Shooting In Garland, Texas",Left,Center
ISIS Claims Link to Shooting at Texas Event Showing Muhammad Cartoons,Left,Neutral
Trump Pushes Back Against Mitch McConnell’s Criticism Of ‘Excessive Expectations’,Left,Center
Trump Criticizes McConnell for Failure to Advance Health-Law Reform,Center,Center
Trump Continues Hammering McConnell Over Healthcare Failure,Right,Center
Tulsi Gabbard Votes ‘Present’ on Impeachment Articles,Left,Neutral
"Gabbard Defends ‘Present’ Impeachment Vote, Citing ‘Tribal Animosities’",Right,Center
Tulsi Gabbard on Trump impeachment: 'I could not in good conscience vote either yes or no',Left,Center
Paris Attacks Undercut Western Hopes of Containing Extremists,Center,Center
Obama: Paris Attacks Are 'Attack On All Of Humanity',Left,Center
From Paris: Border Chaos As France Faces Biggest Terror Disaster Since Hitler,Right,Right
Chuck Hagel Confirmation: Senate Vote Fails To End Filibuster On Obama Pick,Left,Neutral
Republicans stall Hagel nomination,Left,Right
Senate Republicans Block Hagel Confirmation....For Now,Right,Center
Appeals Court Forces Dismissal Of Michael Flynn Case Over Judge’s Objections,Left,Right
"Appeals court orders Flynn case dismissal, after years-long legal saga",Right,Center
U.S. appeals court orders dismissal of criminal case against Michael Flynn,Center,Center
Justices Weigh Law Denying U.S. Benefits to Gay Spouses,Left,Center
DOMA Challenge Tests Federal Definition Of Marriage,Left,Center
Supreme Court to hear arguments over challenge to federal law in second of gay marriage cases,Right,Center
Job openings in the US soar to record 9.3 million,Left,Center
Is Unemployment Bonus Keeping Workers on Sideline?,Center,Neutral
"Job openings soar to record high 9.3 million, raising fears of labor shortage",Right,Neutral
Weiner kept sexting after resignation,Left,Neutral
"Anthony Weiner admits to sending more lewd images, texts but vows to stay in mayor's race",Right,Neutral
Weiner Apologizes After New Messages Emerge,Center,Neutral
Hillary Clinton Unofficial Winner of Kentucky,Right,Left
Clinton claims Kentucky victory,Left,Neutral
Clinton declare victory in Kentucky primary,Left,Neutral
How Planned Parenthood could shut down the government,Left,Neutral
OPINION: Planned Parenthood president: These extremist videos are nothing short of an attack on women,Left,Left
"OPINION: Abortion is legal, but taxpayers shouldn’t have to pay for it.",Right,Center
"Ukraine’s Capital Under Attack By Russian Forces, Missiles",Right,Center
Kyiv awaits Russian invaders with petrol bombs and dark humour,Center,Left
Russian Assault on the Ukrainian Capital Is Underway,Left,Center
"F.B.I. Used Informant to Investigate Russia Ties to Campaign, Not to Spy, as Trump Claims",Left,Center
FBI informant met with three Trump campaign advisers: report,Center,Center
"Obama's FBI Spied On The Trump Campaign, So What Did He Know And When Did He Know It?",Right,Right
"Twitter accepts buyout, giving Elon Musk total control of the company",Left,Neutral
Elon Musk Agrees to Buy Twitter in $44 Billion Deal,Center,Neutral
Twitter Announces Deal With Elon Musk,Right,Neutral
Republicans gush over Klobuchar,Left,Neutral
Senator Klobuchar joins Democratic presidential field,Center,Center
Scandal-Plagued Sen. Amy Klobuchar Announces 2020 Presidential Run,Right,Center
"The Senate has approved the USMCA, bringing Trump’s trade deal one step closer to reality",Left,Center
Senate passes USMCA trade deal,Left,Center
USMCA heads to Trump’s desk for signature after Senate approves pact,Center,Center
"Talks over immigration reform, guest worker program ramp up in Washington",Right,Center
Critics Question Witness List Ahead Of Immigration Hearing,Left,Center
Unions Seize on Immigration Debate,Center,Neutral
What's Behind Rubio's 'Full Circle Back' On Immigration?,Left,Neutral
Lindsey Graham goes all-in on immigration,Left,Neutral
Change of strategy for immigration: Reform bill faces full gantlet in the Senate,Right,Center
"US job growth stumbles in August with 130,000 added",Right,Neutral
"U.S. saw 130,000 new jobs in August, but blue-collar gains slowed",Left,Center
Tepid U.S. Jobs Report Adds To Economic Jitters,Left,Center
Biden Vows Executive Action After Republicans Kill Dem Police Reform Bill,Right,Left
Police reform talks fall apart after months of bipartisan negotiations in Congress,Center,Center
Sweeping George Floyd police reform bill stalls as talks collapse,Left,Neutral
Researchers say fake news had 'substantial impact' on 2016 election,Center,Center
A new study suggests fake news might have won Donald Trump the 2016 election,Left,Left
Ohio State Fake News Study Doesn’t Say What The Media Thinks It Says,Right,Center
Report: Comey Requested More Resources for Russia Investigation Days Before Firing,Right,Center
Sources: Comey told lawmakers he wanted more resources for Russia probe,Left,Center
Furor over Comey firing grows with news that he sought resources for Russia investigation before his dismissal,Left,Center
New questions about AstraZeneca vaccine could derail its emergency use in US,Center,Center
"AstraZeneca Cherry-Picked Data, Misrepresented Vaccine’s Efficacy, Independent Medical Board Alleges",Right,Center
Trial review board raises concerns about AstraZeneca vaccine data,Left,Center
Poll: Voters fret Trump or Clinton in the White House,Left,Center
"Donald Trump Solidifies His Lead, but Leaves Many Nervous",Left,Center
Trump has touched a nerve: The Donald surges to 35 percent in national poll,Right,Center
‘We have the votes’: Senate advances Biden’s $1.2 trillion infrastructure deal,Right,Center
Infrastructure deal: Senate suddenly acts to take up bill,Left,Center
Senate votes to take up infrastructure deal,Center,Center
"Who Is Boris Johnson? Trump-Defending, US-Fan Faces Big Battles as He Takes Charge of Britain",Right,Center
Boris Johnson wins race to be Tory leader and PM,Center,Center
Boris Johnson elected new Tory leader,Left,Center
White House Announces Largest Increase In Weekly Vaccine Distribution Since Biden Took Office,Right,Neutral
Dr. Fauci shifts the timeline on when the general public will be able to get a vaccine,Left,Center
Biden administration increases the number of Covid vaccine doses shipped weekly to states and pharmacies,Center,Neutral
"White House backs down from legal fight, restores Jim Acosta's press pass",Left,Center
Jim Acosta's press pass restored by White House with warning not to misbehave,Right,Center
"White House restores Jim Acosta's press pass, ending court fight",Center,Center
Obama: People 'Will Be Held Accountable' For Veterans Affairs Problems,Left,Neutral
GOP Reacts: Obama Cares More About Obamacare Website Than Veterans,Right,Right
Obama: VA hospital misconduct “dishonorable…and I will not tolerate it”,Left,Center
California Air Regulators Vote to Ban Sale of New Gasoline Cars by 2035,Right,Left
California’s gas car ban will change how everyone drives,Left,Center
California bans the sale of new gas-powered cars by 2035,Center,Left
Tenure for teachers? 9 California students sue to end policy,Center,Neutral
"Public school students’ lawsuit challenges tenure, seeks to ban bad educators",Right,Center
Lawsuit takes on California teachers' job protections,Left,Center
"Nine Dead in Mass Shooting at Church in Charleston, South Carolina; Gunman at Large",Right,Center
"Police Release Photos of Charleston, South Carolina, Church Shooting Suspect",Left,Center
Manhunt follows attack on historic black South Carolina church,Center,Center
Obama Visits Florida Everglades to Press Climate Change Agenda,Center,Center
"Obama Spends Earth Day In The Everglades, Taunting Republicans On Climate Change",Left,Left
"Obama honors Earth Day by using 9,180 gallons of jet fuel — that’s just the start",Right,Right
Trump closing argument is battle cry against Clinton corruption,Right,Right
Trump Touts Plan for First 100 Days of Presidency,Center,Center
Donald Trump Pledges to ‘Heal Divisions’ (and Sue His Accusers),Left,Neutral
Obama Takes Over White House Press Briefing To Speak On Trayvon Martin,Left,Left
Obama: Trayvon Martin 'Could Have Been Me',Center,Left
"Obama enters Martin debate with personal remarks, questions 'stand-your-ground'",Right,Left
Michael Avenatti Implicates Kavanaugh in Pattern of Teenage Sexual Assault,Left,Left
Avenatti: New client will go public with Kavanaugh accusations by Wednesday,Center,Neutral
Journalists Trash Porn Star Attorney for His Dubious Kavanaugh Allegations,Right,Right
McConnell backs bill to ease up on hemp cultivation,Left,Neutral
McConnell bill would legalize hemp as agricultural product,Center,Center
Mitch McConnell will introduce a bill to greenlight hemp production,Right,Neutral
Trump’s new HHS office will protect health care workers who object to abortion,Left,Right
"Trump administration creates new religious, moral protections for health workers",Center,Center
Trump Administration Creates Office To Protect Health Care Workers From Violating Religious Convictions,Right,Center
"Civil War: As Sanders Racks Up Wins, Democratic Race Getting Ugly",Right,Center
Bernie Sanders: Hillary Clinton is not 'qualified' to be president,Left,Left
Sanders ticks off ways Clinton not ‘qualified’ to be president,Left,Right
Obama ties legacy to Iran nuclear deal,Left,Center
US reportedly backed down on initial goals in Iran talks,Right,Neutral
A Foreign Policy Gamble by Obama at a Moment of Truth,Left,Center
Iowa Might Have Screwed Up The Whole Nomination Process,Center,Neutral
Iowa’s Democratic Disaster,Right,Right
"With Polls Up and Acquittal in Sight, Trump Revels in Democratic Dysfunction",Left,Center
"As An Indigenous Woman, I Always Hate Thanksgiving. This Year I’m Terrified Of It.",Left,Left
Thanksgiving Is Not a Lie,Right,Center
"400 years after 'First Thanksgiving,' tribe that fed the Pilgrims fights for survival",Center,Center
Leftists Decry Fake University ICE Sting Practiced During Obama Administration,Right,Left
"ICE set up a fake university, then arrested 250 people granted student visas",Left,Center
ICE arrests 90 more foreign students at fake university created by DHS in Michigan,Left,Center
West Hollywood passes resolution to remove President Trump's Hollywood Walk of Fame star,Right,Left
"Dig up Trump's Hollywood Walk of Fame star, councilors urge",Center,Left
West Hollywood Urges Removal of Trump’s Walk of Fame Star (It’s a Long Shot),Left,Left
‘I don’t know John Lewis’: Trump bashes deceased civil rights leader for skipping his inauguration,Left,Right
"Exclusive: Trump declines to praise John Lewis, citing inauguration snub",Center,Neutral
"Trump withholds praise for John Lewis, notes he 'didn't come to my inauguration'",Right,Right
"N.S.A. Breached North Korean Networks Before Sony Attack, Officials Say",Left,Center
NSA program reportedly helped US gather evidence against North Korea in Sony hack,Right,Neutral
Corruption Currents: NSA Helped Link North Korea to Sony Hack,Center,Center
"Joint session 2017: Why isn't Trump's speech called a ""State of the Union"" address?",Left,Center
President Trump goes to Congress to make a sale,Left,Neutral
Trump’s First Address to Congress: What to Expect,Right,Center
"No, the CDC did not ‘quietly adjust’ US coronavirus deaths",Left,Center
Twitter Removes Claim About CDC And Covid-19 Coronavirus Deaths That Trump Retweeted,Center,Center
94% of Americans who died from COVID-19 had contributing conditions: CDC,Right,Center
Same-sex couples to wed in Alabama despite efforts to block them,Left,Left
Alabama begins issuing marriage licenses to gay couples,Right,Center
Alabama Chief Justice asks officials to defy gay marriage ruling,Left,Right
OPINION: The real terror threat in America is homegrown,Left,Center
OPINION: The Scope of the Orlando Carnage,Left,Center
The Orlando Horror and Hard Truths,Right,Center
"Missouri police officer shoots, kills man who pulled gun",Right,Center
"Video Shows Moments Before Police Shooting Near Ferguson, Missouri",Left,Center
Missouri Police Officer Kills Man Who Pulled Gun,Center,Neutral
The Equal Rights Un-Amendment,Right,Center
"No, the Equal Rights Amendment is not a 'feminist handout'",Center,Center
"Bless Virginia for passing the Equal Rights Amendment, but blame women for taking this long",Center,Center
Supreme Court Refuses to Hear Arizona Abortion Appeal,Center,Neutral
Supreme Court won’t revive Arizona’s strict abortion rules,Left,Center
Arizona's 20-Week Abortion Ban Rejected by Supreme Court,Right,Center
Zelensky calls on West to ban all Russian travelers,Left,Center|Left
Ukraine’s Zelensky calls for travel ban on Russians entering Western nations,Right,Neutral
Kyiv urges travel ban on Russians as Moscow steps up assault in eastern Ukraine,Center,Left
Illegal ballot harvesting caused a do-over House election in North Carolina. What are the pros and cons?,Center,Center
Trump unloads on 'disloyal' Democratic House candidate at fiery rally ahead of pivotal North Carolina special election,Right,Right
North Carolina House race carries unlikely hangover from fraud scandal,Left,Center
Obama Set for Limited Strike on Syria as British Vote No,Left,Center
U.S. officials say options under consideration in Syria would not require a coalition to be effective,Center,Center
"Obama may go solo with Syria strike; U.S., British lawmakers voice opposition",Right,Center
"Inflation rises 7.9% in February, a new 40-year high",Right,Neutral
Inflation up 7.9 percent in February compared to last year as price rises grip U.S. economy,Left,Neutral
U.S. February Consumer Prices Rose 7.9% From Year Earlier,Center,Neutral
Pressure on Fed to raise interest rates as US inflation surges to 30-year high,Left,Center
"Inflation spikes as prices surge 6.2 percent, most in over 30 years",Right,Neutral
"U.S. consumer prices jump 6.2% in October, the biggest inflation surge in more than 30 years",Center,Neutral
Italians Vote in Election that May Overturn EU Order,Right,Center
Italy election: Will far-right prevail for first time since WII?,Left,Center
Italy votes as far-right Meloni looks for victory,Center,Right
Hurricane Irma takes direct aim at Florida,Right,Center
"Irma menaces Bahamas and Cuba, on course toward Florida",Center,Center
Hurricane Irma tears through Caribbean islands and is on collision course with Florida,Left,Center
Kamala Harris Is Biden’s VP Pick — Here’s What It Means For The Election And Beyond,Center,Neutral
Sen. Kamala D. Harris named as Joe Biden’s running mate,Left,Neutral
"Biden taps Kamala Harris as running mate, setting aside tensions from primary",Right,Neutral
"Barack Obama to Travel to Kenya, Fulfilling Promise of Presidential Visit to Father’s Homeland",Center,Neutral
President Obama to Visit Kenya,Left,Neutral
"Obama to Make Landmark Presidential Trip to Father's Homeland, Kenya",Right,Neutral
What time is the eclipse where I live?,Left,Center
How to View the 2017 Solar Eclipse Safely,Center,Center
More than spectacle: Eclipses create science and so can you,Left,Center
Obama on ISIS Airstrikes: 'This Is Not America's Fight Alone',Left,Center
Obama: Syria strikes show ‘this is not America’s fight alone’,Right,Center
IS strikes: Not America's fight alone - Obama,Center,Center
"The Ever Given Is Free, Clearing Way for Traffic to Resume",Left,Neutral
"Grounded cargo ship Ever Given floating, moving through Suez Canal",Left,Center
Container ship stuck in Suez Canal freed,Right,Center
Business groups sue Trump admin over immigration restrictions,Center,Center
The Case for Setting H-1Bs Free,Right,Center
Hospitals Are Suddenly Short of Young Doctors — Because of Trump’s Visa Ban,Left,Left
Trump blasted Australian prime minister during ‘worst call by far’,Right,Left
U.S.-Australia Rift Is Possible After Trump Ends Call With Prime Minister,Left,Neutral
Trump Disparages 'Dumb' Deal With Australia On Refugees,Left,Center
Jobs report could show a slowing trend and be the lever the Fed needs to cut rates,Center,Center
"U.S. Wage and Job Growth Are Slowing, New Report Warns",Left,Center
What job growth in June can reveal about a Fed rate cut in July,Right,Center
Iran warns U.S. it could down more drones as Pompeo arrives in Persian Gulf,Left,Center
Iran threatens 'crushing response' to US drones as Pompeo arrives in region,Left,Center
Iranian official warns more US spy drones can be blown out of the sky,Right,Center
Michigan House repeals emergency powers law Gov. Whitmer used to fight pandemic,Left,Right
Michigan Legislature kills law Whitmer used for virus rules,Left,Right
Michigan repeals law that gave Gov. Gretchen Whitmer emergency powers,Right,Center
"Are schools contributing to a spike in COVID-19 cases among kids? Partly, experts explain.",Left,Center
"As Kids Head Back to School, Science-Backed Ways to Help Their COVID Blues",Center,Center
Back to School With No Idea What to Expect,Right,Center
Liz Truss vows energy crisis action ahead of first day as PM,Center,Neutral
Liz Truss becomes UK prime minister after meeting Queen at Balmoral,Left,Center
Liz Truss's Cabinet: Who's in and who's out?,Right,Center
Laptop Email: Joe Biden Did Favor for Hunter’s Chinese Business Associate,Right,Right
Here’s a dozen times Joe Biden played a role in son Hunter’s business dealings,Right,Right
"Biden wrote college recommendation letter for son of Hunter's Chinese business partner, emails reveal",Right,Center
US sets COVID record with more than 1 million daily cases,Right,Center
U.S. Logs Record 1 Million Virus Cases With Data Delay,Left,Neutral
More than 1 million Americans were diagnosed with COVID over the long holiday weekend,Left,Neutral
"Early voting in Iowa, other states kicks off presidential election",Right,Center
Iowa Voters Who Are Ã¢â‚¬â€ Literally Ã¢â‚¬â€ Done With The Election,Left,Center
"September, November: 40 Precious Days to Spend on Early Vote",Left,Center
OPINION: Congress Overrides Obama,Right,Neutral
Congress steamrolls Obama's veto,Center,Right
Congress Hands Barack Obama The First Veto Override Of His Presidency,Left,Neutral
How Harvard Should Handle the Kyle Kashuv Mess,Center,Center
Harvard's rejection of Parkland student made sense,Left,Center
"Harvard Rescinds Admission To Conservative Kyle Kashuv Over Private Racist Remarks He Wrote At 16, Despite Apology And Evidence Of Growth. This Is Disgusting.",Right,Left
Supreme Court Allows GOP’s Extreme Gerrymandering to Stand,Left,Right
"On Gerrymandering, SCOTUS Punts With a Purpose",Right,Center
Supreme Court punts on two cases regarding partisan election districts,Left,Center
"No prison for U.S. Army deserter Bergdahl, who Trump wanted dead",Center,Left
"Bowe Bergdahl won’t serve prison time, and that’s making Trump really angry",Left,Center
The Bergdahl Sentence is a Travesty,Right,Right
"White House, truckers blast Texas as inspections snarl Mexico traffic",Left,Neutral
"Texas Gov. Abbott vows to continue truck inspections until Biden, Mexico move to secure border",Right,Center
"Border agencies, truckers, leaders blast 'unnecessary' increased inspections stymying commerce",Center,Center
The Trump administration is finalizing plans to strip funding from Planned Parenthood,Left,Right
Trump administration bans abortion referrals at U.S.-funded clinics,Center,Right
Trump admin bars federal funding for abortion clinics,Right,Right
Biden to pitch sweeping ‘family plan’ in speech to Congress,Left,Center
"Biden to push trillions in investment, plead for police reform in Congress speech",Center,Neutral
Biden moves to extend key parts of COVID-19 relief bills with American Families Plan,Right,Center
"Memo to Democrats: If there’s another covid surge, you’ll get the blame",Left,Center
America Is Zooming Through the Pandemic Panic-Neglect Cycle,Center,Center
There is no need for more COVID money,Right,Neutral
"Supreme Court has voted to overturn abortion rights, draft opinion shows",Left,Left
"Court has voted to overturn Roe, according to draft opinion published by Politico",Center,Center
"Supreme Court Poised to Overturn Roe, Draft Opinion Shows",Right,Left
DeVos ignites backlash with rewrite of campus sexual assault policy,Center,Center
Feminists Go Nuts After Betsy DeVos Makes Statement On Sexual Assault Guidance,Right,Right
How To Argue About Title IX If Betsy DeVos’ Decision Makes You Absolutely Livid,Left,Left
Trump tries to distance himself from 'send her back' chants,Left,Neutral
Donald Trump blames supporters for 'send her back' taunts against black lawmaker,Left,Center
Trump says he is 'not happy' with 'send her back' chant,Right,Center
Trump and Sanders Win New Hampshire Primary,Left,Neutral
How Trump and Sanders Broadened Their Bases in New Hampshire,Center,Center
"Analysis: Trump and Sanders Dominate, Rubio Crumbles, in New Hampshire",Right,Center
"How To Host A Congressional Hearing That Actually, Like, Does Something",Center,Center
The January 6 committee’s biggest task is getting people to care,Left,Center
Jan. 6 hearings? Americans have much more serious concerns,Right,Center
"Brett Kavanaugh confirmation hearings launch amid partisan fireworks, high stakes for Supreme Court",Right,Center
Senate Hearings Set To Begin For The ‘Forrest Gump Of Republican Politics’,Left,Center
Kavanaugh Supreme Court Confirmation Hearings Begin,Left,Neutral
Kellyanne Joins Trump Team,Right,Neutral
Donald Trump Adviser Kellyanne Conway Joining White House Team,Left,Center
Trump picks Kellyanne Conway to serve as counselor to the president,Left,Neutral
Ann Romney's RNC task: Humanize Mitt,Left,Neutral
Ã¢â‚¬ËœMittigatorÃ¢â‚¬â„¢ to make case for Romney,Right,Neutral
"Ann Romney, Gov. Christie & The Roll Call: Today's Convention Highlights",Left,Center
Kerry’s Blunt Words for Israel Denounced by Lawmakers in Both Parties,Left,Center
Netanyahu: John Kerry blamed Israel for lack of peace,Center,Right
A Stupid Anti-Israel Policy,Right,Right
Trump Denies Changing His Position on Border Wall,Left,Center
Trump: Vision of border wall 'has never changed or evolved’,Center,Center
"Donald Trump Corrects John Kelly: ‘The Wall Is the Wall, It Has Never Changed or Evolved’",Right,Right
Egyptian Forces Storm Pro-Morsi Sit-Ins,Left,Center
Violent breakup of pro-Morsi protest camp ends Cairo's tense calm,Center,Center
"56 dead, more than 600 hurt as Egyptian forces clear pro-Morsi camps",Right,Left
Senators unveil bipartisan legislation to reform counting of electors,Center,Center
Senators unveil bipartisan legislation to reform Electoral Count Act,Right,Center
Senators reveal bipartisan legislation to prevent the next Jan 6,Left,Center
Police flagged Highland Park shooter ‘clear and present danger’ in 2019; he later cleared 4 background checks,Right,Center
Highland Park shooting suspect's past littered with 'red flags',Left,Center
"July 4 parade shooting suspect slipped past Illinois ""red flag"" safeguards",Center,Center
Congress again races to avoid shutdown as key vote at risk of failing,Left,Center
Congress flirts with government shutdown as Manchin permitting bill may drag down funding package,Right,Center
Manchin faces make-or-break vote on permitting reform,Center,Center
Republican Jake Ellzey Beats Trump-Backed Candidate in Texas House Runoff,Right,Left
"Jake Ellzey Wins Texas Special Election, Upsetting Trump-Endorsed Candidate",Center,Left
Trump-backed candidate loses in Texas special election,Left,Center
Which U.S. communities sent money to support the Canadian trucker protests?,Left,Neutral
Threats force Ottawa cafe owner to close business after name appears in hacked list of Freedom Convoy donors,Right,Center
Canada Sanctions 34 Crypto Wallets Tied to Trucker 'Freedom Convoy',Center,Neutral
Trump administration declassifies unconfirmed intel on Chinese bounties,Center,Center
Trump to Declassify Intel China Paid for Attacks on US Soldiers,Right,Right
Trump was briefed that China sought to pay non-state actors to attack US forces in Afghanistan,Left,Center
McConnell rails against Mueller report politics in blistering floor speech: ‘Case closed’,Right,Right
McConnell on Mueller report: 'Case closed',Left,Center
GOP leader McConnell to say ‘case closed’ on Mueller probe,Left,Right
Biden’s Big Elections Lie,Right,Right
Pro-Trump Republicans try to rewrite state election laws as a voting rights showdown looms in Congress,Left,Left
Read Everything Joe Biden Said in His Speech About Voting Rights in Georgia,Center,Neutral
Former Cuomo aide accuses governor of kissing her without permission,Center,Neutral
Former Aide to Cuomo Details Sexual Harassment Accusations,Right,Center
Ex-Aide Details Sexual Harassment Claims Against Gov. Cuomo,Left,Center
St. Louis protesters break windows at home of city's mayor after cop's acquittal,Right,Left
"Police, protesters clash in St. Louis after ex-cop acquitted of murdering black man",Center,Center
Police and protesters clash in St. Louis after former officer who shot black driver acquitted on murder charges,Left,Center
Trump to cops: 'Don't be too nice',Center,Center
"Media sympathizes with MS-13, lambasts Trump",Right,Left
The most alarming passages from Trump’s fearmongering Long Island speech,Left,Left
Trump Offers Jeff Sessions Attorney General Job,Left,Neutral
Alabama senator Sessions offered attorney general post in Trump administration,Right,Neutral
Sessions tapped as attorney general,Left,Neutral
Loretta Lynch Confirmed as Next Attorney General,Center,Neutral
Senate Makes History By Confirming Loretta Lynch As U.S. Attorney General,Left,Center
"Lynch clears filibuster, poised to become first black woman attorney general",Right,Center
"Biden fires Social Security Commissioner Andrew Saul, who says he isn't leaving",Right,Neutral
Biden fires Trump-appointed head of Social Security agency,Left,Center
"Biden fires head of Social Security Administration, a Trump holdover who drew the ire of Democrats",Left,Left
Glenn Beck: Hillary Clinton 'will be the next president',Left,Right
Why Glenn Beck Said Hillary Clinton ‘Will Be the Next President of the United States’,Right,Center
Glenn Beck: ‘Hillary Clinton will be the next president’,Left,Right
"Weekly initial jobless claims fall below 300,000 for first time since pandemic began",Left,Center
US unemployment claims fall to lowest level since pandemic,Left,Center
Jobless claims drop to a fresh pandemic low,Right,Center
Jobless claims dip below 1 million for first time in more than four months,Left,Center
Weekly Jobless Claims Fall Below 1 Million for First Time in Pandemic,Right,Center
US jobless claims fall below 1 million but remain high,Left,Center
"Brittney Griner, Paul Whelan's families meet with Biden to discuss return to United States",Right,Neutral
President Joe Biden meets with wife of Brittney Griner to show detained WNBA star is 'front of mind',Left,Center
"Biden meets families of Russian-held detainees Griner, Whelan",Center,Neutral
Supreme Court Rejects Trump’s Bid To Quash Jan. 6 Committee Subpoenas,Right,Left
U.S. Supreme Court spurns Trump bid to keep Capitol attack records secret,Center,Center
Supreme Court clears the way for House to get Trump White House documents,Left,Center
Many religious freedom advocates are actually disappointed with Trump’s executive order,Left,Center
Trump signs executive order to 'vigorously promote religious liberty',Left,Center
"Trump marks National Day of Prayer, signs executive order on religious freedom",Right,Center
Trump and Biden will have mics muted for part of last presidential debate,Center,Center
Debate commission to mute candidates during their opponent's initial responses to prevent interruptions,Left,Center
Debate Commission Will Silence Microphones in Final Debate,Right,Neutral
Donald Trump’s charge on the election’s integrity reverberates in both campaigns,Left,Center
Donald Trump refuses to say whether he'll accept election results,Left,Neutral
Trump's Hedge on Accepting Election Results Boosts Hillary in Status Quo Debate,Right,Center
Why tech companies failed to keep the New Zealand shooter’s extremism from going viral,Left,Center
New Zealand mosque shooter’s livestream sparks social media scramble to remove sick footage,Right,Center
Facebook removed 1.5 million videos of New Zealand attack within 24 hours,Left,Center
"Echoing Conservative Grievances, Blackburn Miscasts Jackson’s Views",Left,Left
Jackson forcefully pushes back against GOP child porn sentencing attacks,Center,Left
Lindsey Graham invokes ‘dogma lives loudly’ moment during Ketanji Brown Jackson hearing,Right,Neutral
Texas abortion law stays in place after federal appeals court sides with the state,Left,Center
Court again lets Texas continue banning most abortions,Left,Right
"Texas Abortion Law to Remain in Effect, Federal Appeals Court Rules",Right,Center
Obama Takes Aim at Presidential Hopefuls at White House Correspondents Dinner,Center,Neutral
‘A Foolproof Way to Keep People Off My Lawn’: Obama’s 10 Biggest Jabs at Republicans During WH Correspondents’ Dinner,Right,Left
"Obama Has Hit The DGAF Portion Of His Presidency, And This Video Is Proof",Left,Left
2016 poll: Clinton's lead shrinks in key state,Left,Neutral
Poll: Hillary Clinton tops all potential GOP foes in Ohio,Left,Center
Hillary looks rusty at her coming out party,Right,Center
"President Obama's budget targets smokers, wealthy - Reid J. Epstein and Darren Samuelsohn",Left,Center
"Republicans rip 'unbalanced' budget proposal, bristle at proposed tax hikes",Right,Right
What's in the Obama budget,Left,Center
"Washington Dysfunction, With a Twist: Democrats Desert Their President",Left,Center
Long Odds Ahead for Obama on His Troubled Trade Agenda,Right,Center
"House Deals Blow to Obama’s Bid for Trade Deal, Rejects Worker-Aid Program",Center,Center
Fast-Food Protests Return Amid Push For Wage Hikes,Left,Center
The Video Every Fast Food Striker Should Watch,Right,Left
Here's Why Fast Food Workers Are Striking This Week,Left,Center
Prudence Is the Right Response to the Khashoggi Affair,Right,Right
Jamal Khashoggi: Trump to 'punish' Saudis over journalist,Center,Center
What makes Jamal Khashoggi’s alleged murder so depraved,Left,Center
4 ways Trump's tax cuts changed the American economy,Left,Center
"NYT Fact Check: Actually, the Overwhelming Majority of Americans Got a Tax Cut, Despite Democrats' False Propaganda",Right,Right
Trump Gave Most Americans a Tax Cut and They Didn’t Notice,Left,Center
"‘We became like a chicken in a cage,’ a migrant says, trapped between Belarus and Poland.",Left,Center
Neighbours of Belarus say migrant crisis risks military clash,Center,Center
Poland to reinforce Belarus border and offer aid to migrants,Right,Neutral
Romney and Obama Spar Over Attack,Left,Center
Obama condemns killing of U.S. ambassador to Libya,Left,Neutral
"US ambassador to Libya, 3 American staff members killed in attack",Right,Center
"Mueller, House Judiciary Committee reach tentative testimony agreement",Right,Neutral
‘Tentative date’ for Mueller’s House panel testimony,Left,Center
House Democrat says Mueller and Judiciary Committee tentatively agree on May 15 for his testimony on Russia investigation,Left,Neutral
US economists see higher wages feeding inflation for 3 years,Left,Center
Survey: Business economists foresee persistent inflation,Left,Center
"Economists dial up inflation targets amid rising wages, strong consumer demand: NABE",Right,Center
Putin Plots a Parallel Internet,Right,Neutral
Russia just paved the way for Putin to be president for life,Left,Left
Lack of US consensus on Russia? Bounty report poses sharper question.,Center,Center
Northern California rocked by magnitude 6.0 earthquake,Right,Center
State of emergency declared after Calif. quake,Left,Center
Emergency declared after 6.0 earthquake sends 89 to hospital in Napa,Left,Center
How US leaders can best support protesters in Iran,Center,Center
Iran’s Brave Women Deserve the World’s Support,Left,Left
Biden must act to support Iran protests,Right,Left
There's a blackout in the UK -- on election coverage,Left,Neutral
UK voters choose lawmakers in election seen as dead heat,Right,Center
Britain votes in a neck-and-neck contest to determine who will govern,Left,Center
San Francisco wiping thousands of pot convictions off the record after legalization,Left,Center
"Starting Today, San Francisco Is Erasing Everybody's Misdemeanor Pot Convictions",Right,Left
"San Francisco makes weed legalization retroactive, wiping out criminal records for thousands",Left,Left
Next immigration hurdle: Citizenship's fine print,Left,Center
"Republicans raise concern immigration bill being rushed, warn against 'fatal' mistakes",Right,Center
Senators expect immigration legislation this week; Rubio signals no final agreement yet,Left,Center
Biden Cancels Trip to Rally Dems on Eve of Infrastructure Vote,Center,Neutral
Biden Cancels Trip to Chicago amid Stalled Negotiations over Infrastructure,Right,Neutral
"'Nobody wants to blink:' A canceled trip, deal-less meetings and 24 hours to thread the needle",Left,Center
"Latest White House plan would forgive $10,000 in student debt per borrower",Left,Center
White House says no decision made on student loan forgiveness,Center,Center
Biden eyes $10K student loan debt forgiveness ahead of midterms: report,Right,Neutral
"Netanyahu Slams White House Deal With Iran: “Even If Israel Has to Stand Alone, Israel Will Stand”",Right,Right
Netanyahu warns that nuclear deal ‘paves Iran’s path’ to a bomb,Left,Right
First Take: Netanyahu points to unbridgeable divide,Left,Center
Trump After North Korea Missile Launch: ‘All Options Are On The Table’,Right,Center
"Trump Chides North Korea for Apparent ‘Contempt’ for Neighbors, World",Center,Center
Donald Trump responds to North Korean missile launch by stating that 'All options are on the table',Left,Center
‘Winging It’: Russia Is Getting Its Generals Killed on the Front Lines,Center,Center
Ukraine Confirms Fifth Russian General Has Been Killed,Left,Neutral
Russian general killed after Ukrainian forces destroy command post in Kherson,Right,Neutral
Debbie Wasserman Schultz: Voting for Iran Deal Despite Reservations,Right,Center
Emotional Debbie Wasserman Schultz Backs Iran Nuclear Deal,Center,Center
Debbie Wasserman Schultz Endorses Iran Deal,Left,Center
"Russia destroys bridge over Ukrainian river, cutting escape route",Center,Center
Fears grow for Sievierodonetsk civilians as plant struck and bridge blown up,Left,Center
Russian forces push Ukrainians out of key eastern city,Right,Center
Pelosi Instructs U.S. Athletes To Not ‘Speak Out’ During Olympics Against Communist China’s Genocide,Right,Right
“Kind of a ‘Squid Game’ Vibe”: We Spoke to Olympians About Life Inside the Beijing Bubble,Left,Center
Beijing Olympics: Winter Games start amid Covid and boycotts,Center,Center
"For Reasons Good and Sad, Thanksgiving Is Now Our Greatest Holiday",Right,Center
"Politics really is ruining Thanksgiving, according to data from 10 million cellphones",Left,Center
5 ways to de-escalate family arguments at Thanksgiving,Center,Center
COVID-19 and suicide,Center,Neutral
‘A Year’s Worth of Suicide Attempts in the Last Four Weeks’: California Doctor Calls for End to Lockdown,Right,Right
Will Suicides Rise Because of COVID-19?,Left,Center
Special counsel’s office recommends action against Kellyanne Conway for Hatch Act violation,Right,Center
Kellyanne Conway found to have twice violated law banning use of office for political ends,Left,Right
"Kellyanne Conway Violated Law on Political Expression, Investigators Say",Center,Left
Ted Cruz From Obama’s Open Border: ‘This Is A National Security Crisis’,Right,Right
Ted Cruz Challenges Donald Trump on Immigration at Mexican Border,Center,Center
Presidential Candidates Woo Arizona Voters on Immigration,Left,Center
Jobless claims climb back above 1 million as recovery in U.S. labor market slows,Center,Center
Rise in jobless claims reflects still-struggling US economy,Left,Center
Spike in jobless claims comes after PPP and other pandemic benefits expired,Left,Center
Schumer: 'Trump is a terrible negotiator',Right,Left
McConnell Faces Pressure From Republicans to Stop Avoiding Shutdown Fight,Left,Center
"Trump, Democrats dig in ahead of meeting on government shutdown",Center,Center
Feds: Schools can't shut out undocumented immigrants,Left,Center
Immigration: US Warns Schools Against Bias,Left,Center
No school choice: Holder mandates schools must enroll children of illegal immigrants,Right,Left
"New Hampshire poll shows Bernie Sanders surging, Joe Biden faltering",Right,Left
Election Update: The Polling Picture In New Hampshire Is Actually Pretty Clear,Center,Center
Democratic candidates sharpen attacks in closing days of New Hampshire primary,Left,Left
Warren health care plan pledges no middle class tax increase,Left,Center
Elizabeth Warren finally has a plan for Medicare for All,Left,Left
Warren calls for nearly $9 trillion tax on employers to fund 'Medicare for all',Right,Left
49ers safety on Pence's Colts walkout: 'This is what systemic oppression looks like',Center,Left
The Pence Walkout: Will Someone Tell The NFL They're Fighting A Losing War,Right,Center
"Mike Pence’s NFL ‘Stunt’ In Indianapolis May Have Cost Taxpayers Over $200,000",Left,Center
Details Emerge on Religious Motives of Boston Bomb Suspects and Recent Interest in Chechnya - a Hub of Extremist Saudi Wahhabism,Right,Left
Boston Suspects Are Seen as Self-Taught and Fueled by Web,Left,Center
Bombing suspect's uncle: Friend in Cambridge 'brainwashed him completely',Left,Neutral
"At first Jan. 6 hearing, police to detail violence, injuries",Left,Center
Police who defended U.S. Capitol to testify at riot probe's first hearing,Center,Center
Jan. 6 committee could be final hurrah for Cheney and Kinzinger,Right,Neutral
Asking Congress to Back ISIS Strikes Is Tricky for Obama,Left,Center
Hitting the Brakes? Obama downplays prospect of imminent strikes in Syria,Right,Neutral
Déjà vu for Barack Obama in Syria,Left,Center
This crisis calls for massive government intervention: here's how to do it,Left,Left
Coronavirus Will Be Deadly To Your Liberty,Right,Right
Local government can mobilize us in crisis,Center,Center
"Delay, Deny and Deflect: How Facebook’s Leaders Fought Through Crisis",Left,Center
Facebook-New York Times fight gets ugly: Social network slams newspaper's 'inaccuracies',Right,Center
Facebook cuts ties from firm that linked its critics to George Soros,Center,Left
"Romney sticks by 'victims' comments, but calls them 'off the cuff'",Right,Center
Controversial private fund-raiser video shows candid Romney,Left,Center
Leaked videos show Romney dismissing Obama supporters as feeling entitled to handouts,Left,Center
OPINION: Saudi Arabia’s coming struggle,Left,Center
Death of King Unlikely to Alter Saudi Oil Policy,Center,Center
Death of Saudi King Abdullah brings uncertain new era for US in Middle East,Right,Center
"Trump and Clinton Win New York, Get Closer to General Election Battle",Left,Center
"Trump, Clinton cruise to New York wins, Cruz must rely on contested convention",Right,Center
Donald Trump and Hillary Clinton Win Easily in New York,Left,Neutral
"It’s official! Rand Paul launches 2016 White House bid, plans ambitious 50-state campaign",Right,Center
Rand Paul's decisive moment was 4 years coming,Left,Neutral
Rand Paul Says ‘I Am Running for President’,Left,Center
Arrests at U.S.-Mexico Border This Year Top One Million,Center,Center
Number of attempted crossings at southern U.S. border hits 21-year high,Left,Neutral
"Migrant arrests at southern border rose yet again in June to 188,000, topping 1M this fiscal year",Right,Neutral
"Downstate judge rules Pritzker out of line with stay-at-home – but governor calls suit ‘dangerous,’ ‘insult to all Illinoisans’",Left,Center
Pritzker appeals judge’s ruling against Illinois stay-at-home order,Center,Center
Illinois judge rules against Gov. Pritzker's stay-at-home order in suit brought by GOP lawmaker,Right,Right
U.S. senators clash with Republican leader over protecting Mueller,Center,Center
Mitch McConnell Just Blocked A Bipartisan Bill To Protect Robert Mueller,Left,Right
"Oh, Here We Go: Jeff Flake Holding Up Trump's Judicial Nominees Until Senate Votes On Bill Protecting Mueller Probe",Right,Left
"Biden’s Cancer Remark Referred to Past, White House Says",Right,Center
Here's Why President Biden Just Said He's Been Affected by Cancer,Left,Neutral
Does Joe Biden Have Cancer? President's History With Melanoma Explained,Center,Center
AstraZeneca's COVID vaccine suspended in more countries over low number of blood clots,Left,Center
"Germany, Italy, France suspend AstraZeneca shots amid safety fears, disrupting EU vaccinations",Center,Center
AstraZeneca tries to reassure public after recent COVID vaccine safety concerns,Right,Center
Trump Suggests GOP Needs Until 2018 To Craft ‘Wonderful’ Obamacare Replacement,Left,Center
Republicans begin to grumble: Why haven't we repealed Obamacare yet?,Left,Center
Obamacare sign-ups decline in face of Trump repeal threat,Right,Left
'Path To Citizenship' Part Of Senators' Bipartisan Immigration Plan,Left,Center
"Bipartisan Group Of Senators To Introduce Immigration Plan, Preempt Obama",Left,Center
Bipartisan group of 8 senators reaches deal on immigration changes,Right,Center
Why the Great American Outdoors Act can unite our country,Center,Center
"In An Election Year, 2 Vulnerable GOP Senators Are Suddenly Conservationists",Left,Center
U.S. Senate overwhelmingly passes major conservation bill,Center,Center
Speaker John Boehner retiring from Congress at the end of October,Left,Neutral
"Boehner to resign at end of October, sources say",Right,Neutral
John Boehner To Resign From Congress At End Of October,Left,Neutral
"Bill Cosby admitted to drugging women to have sex, rape accusers say they are vindicated",Right,Center
Bill Cosby admitted to getting drugs to give to women,Left,Neutral
OPINION: How Bill Cosby’s 2004 ‘Pound Cake’ speech exploded into his latest legal disaster,Left,Center
"L.A. County plans to require proof of vaccination at indoor bars, nightclubs, breweries, wineries",Left,Neutral
Los Angeles County to require vaccines in indoor bars,Left,Center
Los Angeles County to Mandate COVID-19 Vaccine Passports: Officials,Right,Neutral
Trump to put North Korea on terrorist list: ‘A murderous regime’,Right,Right
Trump declares North Korea a state sponsor of terrorism,Left,Center
Trump just put North Korea back on the state sponsor of terrorism list,Left,Center
The Falwell affair shows non-monogamy isn't rare — but it does challenge social norms,Left,Center
Jerry Falwell's bizarre marital arrangement was only the least and latest of his sins,Right,Left
"Jerry Falwell Jr. officially resigns as Liberty University president, university confirms",Left,Neutral
Facebook bans ads from The Epoch Times after huge pro-Trump buy,Left,Right
Facebook banned advertisements from The Epoch Times after it bought $1.5 million of Trump ads in 6 months,Left,Center
Facebook bans ads from the Epoch Times,Right,Center
Can Kasich keep up momentum?,Right,Center
Kasich: Bush's campaign is 'freaking out',Left,Center
"John Kasich, No. 2 in New Hampshire, Turns to an Uncertain South Carolina",Left,Center
RNC 2020 opening night ratings on C-SPAN blow away DNC viewership,Right,Center
Democrats beat Republicans in first-night convention TV audience,Center,Center
"G.O.P. TV Ratings Fall Below Democrats, Despite Fox News’s Big Night",Left,Center
The EPA Wants to Get Out of Puddles and Ditches. Environmental Activists Are Outraged.,Right,Left
EPA Proposes Gutting Obama-Era Rule Protecting 117 Million Americans’ Water,Left,Left
Trump moves to relax Obama-era water protections,Center,Right
Will Trade Be Obama's Biggest Bipartisan Achievement?,Left,Center
Five misconceptions about Obama's Asia trade agenda,Center,Center
Obama trade agenda clears key Senate test vote,Right,Neutral
OPINION: Obama should act with restraint on court: Column,Left,Center
Why blocking Obama’s pick to replace Scalia could cost Republicans their Senate majority,Left,Center
Scalia’s death ignites election-year fight over Supreme Court vacancy,Right,Center
Robert Mueller just flipped his third former Trump aide,Left,Neutral
Former Trump adviser pleads guilty in Mueller probe,Center,Center
Former Trump campaign aide Rick Gates pleads guilty to conspiracy and lying to the FBI,Right,Neutral
Facebook Whistleblower’s Testimony Builds Momentum for Tougher Tech Laws,Center,Center
Facebook whistleblower Frances Haugen blasts tech giant on Capitol Hill,Right,Center
Whistleblower to Senate: Don't trust Facebook,Left,Center
"FDA review clears path for second coronavirus vaccine, this one developed by Moderna",Left,Center
FDA staff endorses emergency use of Moderna’s Covid vaccine in a critical step toward approval,Center,Center
FDA finds Moderna coronavirus vaccine is effective and safe,Right,Center
Terror suspect sets off pipe bomb in underground subway passage near Port Authority Bus Terminal,Left,Center
NYPD identifies bombing suspect as Akayed Ullah,Right,Center
New York Port Authority attack: Man held after Manhattan blast,Center,Center
'Trump University' Documents Put On Display Aggressive Sales Techniques,Left,Center
"Trump University ‘Playbooks’ Unsealed in Lawsuit: ‘You Don’t Sell Products, Benefits or Solutions — You Sell Feelings’",Right,Neutral
The Art of the Swindle,Left,Center
Nunes: I’m Staying Put,Right,Center
House Democrats Ask Devin Nunes to Recuse Himself From Russia Inquiry,Left,Left
Calls grow for Nunes to step aside in Russia probe,Left,Center
Holiday Table Conversations,Center,Center
Some Opt to Pass on Thanksgiving Politics,Left,Center
Through the Looking Glass,Right,Center
5 things about the controversy surrounding AG Eric Holder,Left,Center
Holder Faces New Round of Criticism After Leak Inquiries,Left,Center
Holder runs into roadblocks on off-the-record meetings with news organizations,Right,Center
White House rebukes Trump after he calls on Putin to smear Hunter Biden,Left,Center
Trump asks Putin to provide dirt on Hunter Biden as war in Ukraine rages,Right,Right
Video of Trump Asking Putin for Favor Viewed 1.6M Times. Here's What He Said,Center,Neutral
"Graham, Booker writing bill to prevent Trump from firing special counsel",Center,Left
Graham to Introduce Legislation to Make it Hard for Trump to Fire Mueller,Right,Center
Lindsey Graham: Firing Mueller Could Be ‘Beginning Of The End Of The Trump Presidency’,Left,Center
"U.S. Loses Track of Another 1,500 Migrant Children, Investigators Find",Left,Center
"Another 1,500 unaccompanied immigrant children have been lost under the Trump administration",Right,Left
"Trump admin unable to account for another 1,500 migrant children: report",Center,Center
"White supremacists chant 'closed borders, white nation' in 'White Lives Matter' march",Center,Left
‘White Lives Matter’ organizers cancel second rally after taunts from counterprotesters,Left,Center
Overwhelming Presence of Tennessee Law Enforcement Ensures Peaceful ‘White Lives Matter’ Rally in Murfreesboro,Right,Center
"Democrats Tell Court: More Impeachment Articles, Maybe, if Trump Lawyer Testifies",Right,Center
House lawyers open door to more articles of impeachment,Center,Center
Impeachment 2? House lawyers say more charges possible,Left,Center
Trump Mocks Christine Blasey Ford at Mississippi Rally,Center,Right
Bipartisan backlash to Trump mocking Kavanaugh accuser Christine Blasey Ford,Right,Center
‘He chose to blow it’: A rare dissent from the couch of ‘Fox & Friends’ after Trump attacks Ford,Left,Left
Nixon orders withdrawal of National Guard from Ferguson,Right,Neutral
Governor Orders Withdrawal of National Guard From Ferguso,Center,Neutral
Missouri National Guard to Withdraw From Ferguson as Tensions Ease,Left,Neutral
Hungary shuts key refugee route amid widening clampdowns across Europe,Left,Center
Hungary to deploy army to stop migrants at border,Right,Right
